"Color_Genotype","Agouti_Genotype","Family_Genotype","Pattern_Genotype","Color_Phenotype","Agouti_Phenotype","Family_Phenotype","Pattern_Phenotype"
"Bb","Aa","chcy","duv","Black","Agouti","Unknown","Vienna"
"Bb","Aa","chcy","duv","Black","Agouti","Unknown","Vienna"
"Bb","Aa","chcy","duv","Black","Agouti","Unknown","Vienna"
"Bb","Aa","chcy","duv","Black","Agouti","Unknown","Vienna"
"Bb","Aa","chcy","duv","Black","Agouti","Unknown","Vienna"
"Bb","Aa","chcy","duv","Black","Agouti","Unknown","Vienna"
"Bb","Aa","chcy","duv","Black","Agouti","Unknown","Vienna"
"Bb","Aa","chcy","duv","Black","Agouti","Unknown","Vienna"
"Bb","Aa","chcy","duv","Black","Agouti","Unknown","Vienna"
"Bb","Aa","chcy","duv","Black","Agouti","Unknown","Vienna"
